<?xml version="1.0" encoding="UTF-8" standalone="yes"?>
<addon id="script.open-zwave.switchall"
       name="open-zwave.switchall"
       version="6.0.0"
       provider-name="openelec.tv">
  <requires>
    <import addon="os.openelec.tv" version="6.0"/>
    <import addon="xbmc.python" version="2.1.0"/>

  </requires>
  <extension point="xbmc.python.script" library="default.py">
    <provides></provides>
  </extension>
  <extension point="xbmc.addon.metadata">
    <summary>Switches all Z-Wave nodes off/on</summary>
    <description>
Simple script to switch all Z-Wave nodes off/on. Based on free software library that interfaces with selected Z-Wave PC controllers, allowing anyone to create applications that manipulate and respond to devices on a Z-Wave network, without requiring in-depth knowledge of the Z-Wave protocol.
    </description>
    <disclaimer>

    </disclaimer>
    <platform>all</platform>
  </extension>
</addon>
